{"images":[{"name":"img_0.jpg","w":285,"h":279,"prefix":["-i"],"postfix":[]}],"static_inputs":[{"name":"background_video.mp4","prefix":["-i"],"postfix":[]},{"name":"first.jpg","prefix":["-i"],"postfix":[]}],"video":{"w":540,"h":960,"duration":16},"e":[],"m":["-{pythoncomplex}"],"r":["[1]split=2[color][alpha];[color]crop=iw\/2:ih:0:0[color];[alpha]crop=iw\/2:ih:iw\/2:0[alpha];[color][alpha]{pythonmerge}[ovrly];[0]scale=285:279,setsar=1[0_scalled];[2][0_scalled]{pythono}=x=225:y=363[v0];[v0][ovrly]{pythono}=0:0[base_video];[base_video][3]{pythono}=enable='between(t,0,16)':x=30:y=30"],"i":["[1]split=2[color][alpha];[color]crop=iw\/2:ih:0:0[color];[alpha]crop=iw\/2:ih:iw\/2:0[alpha];[color][alpha]{pythonmerge}[ovrly];[0]scale=285:279,setsar=1[0_scalled];[2][0_scalled]{pythono}=x=225:y=363[v0];[v0][ovrly]{pythono}=0:0[base_video];[base_video][3]{pythono}=enable='between(t,0,16)':x=30:y=30[final_video]"],"n":[],"g":[],"c":[],"o":["-map","[final_video]","-map","4:a"],"d":["-t","16","-strict","-2"],"s":[],"layers":[{"ao":0,"bm":1,"ddd":0,"ind":1,"ip":0,"ks":{"a":{"a":0,"ix":1,"k":[270,480,0]},"o":{"a":0,"ix":11,"k":18.039},"p":{"a":0,"ix":2,"k":[270,480,0]},"r":{"a":0,"ix":10,"k":0},"s":{"a":0,"ix":6,"k":[100,100,100]}},"nm":"all","op":327,"refId":"image_0","sr":1,"st":0,"ty":2},{"ao":0,"bm":3,"ddd":0,"ind":2,"ip":76,"ks":{"a":{"a":0,"ix":1,"k":[270,480,0]},"o":{"a":0,"ix":11,"k":40},"p":{"a":0,"ix":2,"k":[270,480,0]},"r":{"a":0,"ix":10,"k":0},"s":{"a":0,"ix":6,"k":[100,100,100]}},"nm":"lvjing  all 3","op":327,"refId":"image_1","sr":1,"st":-8,"ty":2},{"ao":0,"bm":13,"ddd":0,"ind":3,"ip":76,"ks":{"a":{"a":0,"ix":1,"k":[270,480,0]},"o":{"a":0,"ix":11,"k":50.196},"p":{"a":0,"ix":2,"k":[270,480,0]},"r":{"a":0,"ix":10,"k":0},"s":{"a":0,"ix":6,"k":[100,100,100]}},"nm":"baohedu all 3","op":327,"refId":"image_2","sr":1,"st":-8,"ty":2}],"mu":["[1]split=2[color][alpha];[color]crop=iw\/2:ih:0:0[color];[alpha]crop=iw\/2:ih:iw\/2:0[alpha];[color][alpha]{pythonmerge}[ovrly];[0]scale=285:279,setsar=1[0_scalled];[2][0_scalled]{pythono}=x=225:y=363[v0];[v0][ovrly]{pythono}=0:0"],"ke":["[1]split=2[color][alpha];[color]crop=iw\/2:ih:0:0[color];[alpha]crop=iw\/2:ih:iw\/2:0[alpha];[color][alpha]{pythonmerge}[ovrly];[0]scale=285:279,setsar=1[0_scalled];[2][0_scalled]{pythono}=x=225:y=363[v0];[v0][ovrly]{pythono}=0:0[final_video]"],"sh":["-map","[final_video]","-map","3:a"]}