{
  "images": [
    {
      "name": "img_0.jpg",
      "w": 493,
      "h": 739,
      "prefix": [
        "-i"
      ],
      "postfix": [
      ]
    },
    {
      "name": "img_1.jpg",
      "w": 493,
      "h": 739,
      "prefix": [
        "-i"
      ],
      "postfix": [
      ]
    },
    {
      "name": "img_2.jpg",
      "w": 493,
      "h": 739,
      "prefix": [
        "-i"
      ],
      "postfix": [
      ]
    }
  ],
  "static_inputs": [
    {
      "name": "background_video.mp4",
      "prefix": [
        "-i"
      ],
      "postfix": [
      ]
    },
    {
      "name": "first.jpg",
      "prefix": [
        "-i"
      ],
      "postfix": [
      ]
    }
  ],
  "video": {
    "w": 540,
    "h": 960,
    "duration": 30
  },
  "e": [],
  "m": [
    "-{pythoncomplex}"
  ],
  "r": [
    "[3]split=2[color][alpha];[color]crop=iw/2:ih:0:0[color];[alpha]crop=iw/2:ih:iw/2:0[alpha];[color][alpha]{pythonmerge}[ovrly];[0]scale=493:739,setsar=1[0_scaled_color];[0]scale=493:739,setsar=1,hue=s=0[0_scaled_black];[1]scale=493:739,setsar=1[1_scaled_color];[1]scale=493:739,setsar=1,hue=s=0[1_scaled_black];[2]scale=493:739,setsar=1[2_scaled_color];[2]scale=493:739,setsar=1,hue=s=0[2_scaled_black];[4][0_scaled_black]{pythono}=x=26:y=50[base_img_1];[4][0_scaled_color]{pythono}=x=26:y=50[base_img_2];[4][1_scaled_black]{pythono}=x=26:y=50[base_img_3];[4][1_scaled_color]{pythono}=x=26:y=50[base_img_4];[4][2_scaled_black]{pythono}=x=26:y=50[base_img_5];[4][2_scaled_color]{pythono}=x=26:y=50[base_img_6];[base_img_1]scale=iw*2:ih*2,{pythonz}pan=z='if(lte({pythonz},-1.0),1.2,min({pythonz}+0.0006,1.2))':d=25*3.35:s=540x960,{pythonf}=t=in:st=0:d=0.4[v0];[base_img_2]scale=iw*2:ih*2,{pythonz}pan=z='if(lte(on,18),if(lte({pythonz},1.0),1.2,max(1.001,{pythonz}-0.0050)),min({pythonz}+0.0006,1.2))':d=25*(7.81-3.35):s=540x960,boxblur=10:enable='between(t,0,0.8)'[v1];[base_img_3]scale=iw*2:ih*2,{pythonz}pan=z='if(lte({pythonz},-1.0),1.2,min({pythonz}+0.0006,1.2))':d=25*(11.06-7.81):s=540x960[v2];[base_img_4]scale=iw*2:ih*2,{pythonz}pan=z='if(lte(on,18),if(lte({pythonz},1.0),1.2,max(1.001,{pythonz}-0.0050)),min({pythonz}+0.0006,1.2))':d=25*(16.06-11.06):s=540x960,boxblur=10:enable='between(t,0,0.8)'[v3];[base_img_5]scale=iw*2:ih*2,{pythonz}pan=z='if(lte({pythonz},-1.0),1.2,min({pythonz}+0.0006,1.2))':d=25*(19.31-16.06):s=540x960[v4];[base_img_6]scale=iw*2:ih*2,{pythonz}pan=z='if(lte(on,18),if(lte({pythonz},1.0),1.2,max(1.001,{pythonz}-0.0050)),min({pythonz}+0.0006,1.2))':d=25*(26-19.31):s=540x960,boxblur=10:enable='between(t,0,0.8)'[v5];[v0][v1][v2][v3][v4][v5]concat=n=6:v=1:a=0,format=yuv420p[video_01];[video_01][ovrly]{pythono}=0:0[base_video];[base_video][5]{pythono}=enable='between(t,0,30)':x=(main_w-{pythono}_w-30):y=5"
  ],
  "i": [
    "[3]split=2[color][alpha];[color]crop=iw/2:ih:0:0[color];[alpha]crop=iw/2:ih:iw/2:0[alpha];[color][alpha]{pythonmerge}[ovrly];[0]scale=493:739,setsar=1[0_scaled_color];[0]scale=493:739,setsar=1,hue=s=0[0_scaled_black];[1]scale=493:739,setsar=1[1_scaled_color];[1]scale=493:739,setsar=1,hue=s=0[1_scaled_black];[2]scale=493:739,setsar=1[2_scaled_color];[2]scale=493:739,setsar=1,hue=s=0[2_scaled_black];[4][0_scaled_black]{pythono}=x=26:y=50[base_img_1];[4][0_scaled_color]{pythono}=x=26:y=50[base_img_2];[4][1_scaled_black]{pythono}=x=26:y=50[base_img_3];[4][1_scaled_color]{pythono}=x=26:y=50[base_img_4];[4][2_scaled_black]{pythono}=x=26:y=50[base_img_5];[4][2_scaled_color]{pythono}=x=26:y=50[base_img_6];[base_img_1]scale=iw*2:ih*2,{pythonz}pan=z='if(lte({pythonz},-1.0),1.2,min({pythonz}+0.0006,1.2))':d=25*3.35:s=540x960,{pythonf}=t=in:st=0:d=0.4[v0];[base_img_2]scale=iw*2:ih*2,{pythonz}pan=z='if(lte(on,18),if(lte({pythonz},1.0),1.2,max(1.001,{pythonz}-0.0050)),min({pythonz}+0.0006,1.2))':d=25*(7.81-3.35):s=540x960,boxblur=10:enable='between(t,0,0.8)'[v1];[base_img_3]scale=iw*2:ih*2,{pythonz}pan=z='if(lte({pythonz},-1.0),1.2,min({pythonz}+0.0006,1.2))':d=25*(11.06-7.81):s=540x960[v2];[base_img_4]scale=iw*2:ih*2,{pythonz}pan=z='if(lte(on,18),if(lte({pythonz},1.0),1.2,max(1.001,{pythonz}-0.0050)),min({pythonz}+0.0006,1.2))':d=25*(16.06-11.06):s=540x960,boxblur=10:enable='between(t,0,0.8)'[v3];[base_img_5]scale=iw*2:ih*2,{pythonz}pan=z='if(lte({pythonz},-1.0),1.2,min({pythonz}+0.0006,1.2))':d=25*(19.31-16.06):s=540x960[v4];[base_img_6]scale=iw*2:ih*2,{pythonz}pan=z='if(lte(on,18),if(lte({pythonz},1.0),1.2,max(1.001,{pythonz}-0.0050)),min({pythonz}+0.0006,1.2))':d=25*(26-19.31):s=540x960,boxblur=10:enable='between(t,0,0.8)'[v5];[v0][v1][v2][v3][v4][v5]concat=n=6:v=1:a=0,format=yuv420p[video_01];[video_01][ovrly]{pythono}=0:0[base_video];[base_video][5]{pythono}=enable='between(t,0,30)':x=(main_w-{pythono}_w-30):y=5[final_video]"
  ],
  "n": [],
  "g": [],
  "c": [],
  "o": [
    "-map",
    "[final_video]",
    "-map",
    "6:a"
  ],
  "d": [
    "-t",
    "30",
    "-strict",
    "-2"
  ],
  "s": [],
  "layers": [
    {
      "ao": 0,
      "bm": 1,
      "ddd": 0,
      "ind": 1,
      "ip": 0,
      "ks": {
        "a": {
          "a": 0,
          "ix": 1,
          "k": [
            270,
            480,
            0
          ]
        },
        "o": {
          "a": 0,
          "ix": 11,
          "k": 18.039
        },
        "p": {
          "a": 0,
          "ix": 2,
          "k": [
            270,
            480,
            0
          ]
        },
        "r": {
          "a": 0,
          "ix": 10,
          "k": 0
        },
        "s": {
          "a": 0,
          "ix": 6,
          "k": [
            100,
            100,
            100
          ]
        }
      },
      "nm": "all",
      "op": 327,
      "refId": "image_0",
      "sr": 1,
      "st": 0,
      "ty": 2
    },
    {
      "ao": 0,
      "bm": 3,
      "ddd": 0,
      "ind": 2,
      "ip": 76,
      "ks": {
        "a": {
          "a": 0,
          "ix": 1,
          "k": [
            270,
            480,
            0
          ]
        },
        "o": {
          "a": 0,
          "ix": 11,
          "k": 40
        },
        "p": {
          "a": 0,
          "ix": 2,
          "k": [
            270,
            480,
            0
          ]
        },
        "r": {
          "a": 0,
          "ix": 10,
          "k": 0
        },
        "s": {
          "a": 0,
          "ix": 6,
          "k": [
            100,
            100,
            100
          ]
        }
      },
      "nm": "lvjing  all 3",
      "op": 327,
      "refId": "image_1",
      "sr": 1,
      "st": -8,
      "ty": 2
    },
    {
      "ao": 0,
      "bm": 13,
      "ddd": 0,
      "ind": 3,
      "ip": 76,
      "ks": {
        "a": {
          "a": 0,
          "ix": 1,
          "k": [
            270,
            480,
            0
          ]
        },
        "o": {
          "a": 0,
          "ix": 11,
          "k": 50.196
        },
        "p": {
          "a": 0,
          "ix": 2,
          "k": [
            270,
            480,
            0
          ]
        },
        "r": {
          "a": 0,
          "ix": 10,
          "k": 0
        },
        "s": {
          "a": 0,
          "ix": 6,
          "k": [
            100,
            100,
            100
          ]
        }
      },
      "nm": "baohedu all 3",
      "op": 327,
      "refId": "image_2",
      "sr": 1,
      "st": -8,
      "ty": 2
    }
  ]
}