{
  "images": [
    {
      "name": "img_0.jpg",
      "w": 540,
      "h": 960,
      "prefix": [
        "-i"
      ],
      "postfix": [
      ]
    },
    {
      "name": "img_1.jpg",
      "w": 540,
      "h": 960,
      "prefix": [
        "-i"
      ],
      "postfix": [
      ]
    }
  ],
  "static_inputs": [
    {
      "name": "background_video.mp4",
      "prefix": [
        "-i"
      ],
      "postfix": [
      ]
    }
  ],
  "video": {
    "w": 540,
    "h": 960,
    "duration": 17
  },
  "e": [],
  "m": [
    "-{pythoncomplex}"
  ],
  "r": [
    "[2]split=2[color][alpha];[color]crop=iw/2:ih:0:0[color];[alpha]crop=iw/2:ih:iw/2:0[alpha];[color][alpha]{pythonmerge}[ovrly];[0]scale=540:960,setsar=1[0_scalled];[1]scale=540:960,setsar=1[1_scalled];[0_scalled]scale=iw*4:ih*4,{pythonz}pan=z='{pythonz}+0.0008':x='iw/2-(iw/{pythonz}/2)':y='ih/2-(ih/{pythonz}/2)':d=25*8.82:s=540x960,boxblur=10:enable='between(t,0,3)',boxblur=9:enable='between(t,3,3.2)',boxblur=8:enable='between(t,3.2,3.4)',boxblur=7.5:enable='between(t,3.4,3.8)',boxblur=7.2:enable='between(t,3.8,3.12)',boxblur=6.8:enable='between(t,3.12,3.14)',boxblur=6.5:enable='between(t,3.14,3.16)',boxblur=6.2:enable='between(t,3.16,3.18)',boxblur=6.1:enable='between(t,3.18,3.20)',boxblur=5.8:enable='between(t,3.20,3.40)',boxblur=5.6:enable='between(t,3.40,4.20)',boxblur=4.4:enable='between(t,4.20,4.50)',boxblur=4:enable='between(t,4.50,5)',{pythonf}=t=in:st=0:d=1[v0];[1_scalled]scale=iw*4:ih*4,{pythonz}pan=z='{pythonz}+0.0008':x='iw/2-(iw/{pythonz}/2)':y='ih/2-(ih/{pythonz}/2)':d=25*8.18:s=540x960,boxblur=10:enable='between(t,0.06,1)',boxblur=9:enable='between(t,1,1.4)',boxblur=8:enable='between(t,1.4,1.8)',boxblur=7.5:enable='between(t,1.8,2.2)',boxblur=7.2:enable='between(t,2.2,2.6)',boxblur=6.8:enable='between(t,2.6,3)',boxblur=6.5:enable='between(t,3,3.4)',boxblur=6.2:enable='between(t,3.4,3.8)',boxblur=6.1:enable='between(t,3.8,4)',boxblur=5.8:enable='between(t,4,4.4)',boxblur=5.6:enable='between(t,4.4,4.8)',boxblur=4.4:enable='between(t,4.8,4.12)',boxblur=4:enable='between(t,4.12,5)'[v1];[v0][v1]concat=n=2:v=1:a=0,format=yuv420p[concatenated_video];[concatenated_video][ovrly]{pythono}=0:0[base_video];[base_video][3]{pythono}=enable='between(t,0,8)':x=30:y=30[watermarked_part1];[watermarked_part1][3]{pythono}=enable='between(t,8,17)':x=(main_w-{pythono}_w-30):y=(main_h-{pythono}_h-30)"
  ],
  "i": [
    "[2]split=2[color][alpha];[color]crop=iw/2:ih:0:0[color];[alpha]crop=iw/2:ih:iw/2:0[alpha];[color][alpha]{pythonmerge}[ovrly];[0]scale=540:960,setsar=1[0_scalled];[1]scale=540:960,setsar=1[1_scalled];[0_scalled]scale=iw*4:ih*4,{pythonz}pan=z='{pythonz}+0.0008':x='iw/2-(iw/{pythonz}/2)':y='ih/2-(ih/{pythonz}/2)':d=25*8.82:s=540x960,boxblur=10:enable='between(t,0,3)',boxblur=9:enable='between(t,3,3.2)',boxblur=8:enable='between(t,3.2,3.4)',boxblur=7.5:enable='between(t,3.4,3.8)',boxblur=7.2:enable='between(t,3.8,3.12)',boxblur=6.8:enable='between(t,3.12,3.14)',boxblur=6.5:enable='between(t,3.14,3.16)',boxblur=6.2:enable='between(t,3.16,3.18)',boxblur=6.1:enable='between(t,3.18,3.20)',boxblur=5.8:enable='between(t,3.20,3.40)',boxblur=5.6:enable='between(t,3.40,4.20)',boxblur=4.4:enable='between(t,4.20,4.50)',boxblur=4:enable='between(t,4.50,5)',{pythonf}=t=in:st=0:d=1[v0];[1_scalled]scale=iw*4:ih*4,{pythonz}pan=z='{pythonz}+0.0008':x='iw/2-(iw/{pythonz}/2)':y='ih/2-(ih/{pythonz}/2)':d=25*8.18:s=540x960,boxblur=10:enable='between(t,0.06,1)',boxblur=9:enable='between(t,1,1.4)',boxblur=8:enable='between(t,1.4,1.8)',boxblur=7.5:enable='between(t,1.8,2.2)',boxblur=7.2:enable='between(t,2.2,2.6)',boxblur=6.8:enable='between(t,2.6,3)',boxblur=6.5:enable='between(t,3,3.4)',boxblur=6.2:enable='between(t,3.4,3.8)',boxblur=6.1:enable='between(t,3.8,4)',boxblur=5.8:enable='between(t,4,4.4)',boxblur=5.6:enable='between(t,4.4,4.8)',boxblur=4.4:enable='between(t,4.8,4.12)',boxblur=4:enable='between(t,4.12,5)'[v1];[v0][v1]concat=n=2:v=1:a=0,format=yuv420p[concatenated_video];[concatenated_video][ovrly]{pythono}=0:0[base_video];[base_video][3]{pythono}=enable='between(t,0,8)':x=30:y=30[watermarked_part1];[watermarked_part1][3]{pythono}=enable='between(t,8,17)':x=(main_w-{pythono}_w-30):y=(main_h-{pythono}_h-30)[final_video]"
  ],
  "n": [],
  "g": [],
  "c": [],
  "o": [
    "-map",
    "[final_video]",
    "-map",
    "4:a"
  ],
  "d": [
    "-t",
    "17",
    "-strict",
    "-2"
  ],
  "s": [],
  "layers": [
    {
      "ao": 0,
      "bm": 1,
      "ddd": 0,
      "ind": 1,
      "ip": 0,
      "ks": {
        "a": {
          "a": 0,
          "ix": 1,
          "k": [
            270,
            480,
            0
          ]
        },
        "o": {
          "a": 0,
          "ix": 11,
          "k": 18.039
        },
        "p": {
          "a": 0,
          "ix": 2,
          "k": [
            270,
            480,
            0
          ]
        },
        "r": {
          "a": 0,
          "ix": 10,
          "k": 0
        },
        "s": {
          "a": 0,
          "ix": 6,
          "k": [
            100,
            100,
            100
          ]
        }
      },
      "nm": "all",
      "op": 327,
      "refId": "image_0",
      "sr": 1,
      "st": 0,
      "ty": 2
    },
    {
      "ao": 0,
      "bm": 3,
      "ddd": 0,
      "ind": 2,
      "ip": 76,
      "ks": {
        "a": {
          "a": 0,
          "ix": 1,
          "k": [
            270,
            480,
            0
          ]
        },
        "o": {
          "a": 0,
          "ix": 11,
          "k": 40
        },
        "p": {
          "a": 0,
          "ix": 2,
          "k": [
            270,
            480,
            0
          ]
        },
        "r": {
          "a": 0,
          "ix": 10,
          "k": 0
        },
        "s": {
          "a": 0,
          "ix": 6,
          "k": [
            100,
            100,
            100
          ]
        }
      },
      "nm": "lvjing  all 3",
      "op": 327,
      "refId": "image_1",
      "sr": 1,
      "st": -8,
      "ty": 2
    },
    {
      "ao": 0,
      "bm": 13,
      "ddd": 0,
      "ind": 3,
      "ip": 76,
      "ks": {
        "a": {
          "a": 0,
          "ix": 1,
          "k": [
            270,
            480,
            0
          ]
        },
        "o": {
          "a": 0,
          "ix": 11,
          "k": 50.196
        },
        "p": {
          "a": 0,
          "ix": 2,
          "k": [
            270,
            480,
            0
          ]
        },
        "r": {
          "a": 0,
          "ix": 10,
          "k": 0
        },
        "s": {
          "a": 0,
          "ix": 6,
          "k": [
            100,
            100,
            100
          ]
        }
      },
      "nm": "baohedu all 3",
      "op": 327,
      "refId": "image_2",
      "sr": 1,
      "st": -8,
      "ty": 2
    }
  ]
}