{
  "images":[
    {
      "name":"img_0.jpg",
      "w":540,
      "h":960,
      "prefix":[
        "-i"
      ],
      "postfix":[

      ]
    }
  ],
  "static_inputs":[
    {
      "name":"background_video.mp4",
      "prefix":[
        "-i"
      ],
      "postfix":[

      ]
    },
    {
      "name":"black.jpg",
      "prefix":[
        "-loop",
        "1",
        "-t",
        "8",
        "-i"
      ],
      "postfix":[

      ]
    }
  ],
  "video":{
    "w":540,
    "h":960,
    "duration":14
  },
  "e":[],
  "m":[
    "-{pythoncomplex}"
  ],
  "r":["[1]split=2[color][alpha]; [color]crop=iw/2:ih:0:0[color]; [alpha]crop=iw/2:ih:iw/2:0[alpha]; [color][alpha]{pythonmerge}[ovrly]; [0]scale=540:960,crop=133:238:2:242[part5]; [0]scale=540:960,crop=133:238:407:482[part12]; [0]scale=540:960,crop=133:238:272:482[part11]; [0]scale=540:960,crop=133:238:137:482[part10]; [0]scale=540:960,crop=133:238:2:482[part9]; [0]scale=540:960,crop=133:238:2:772[part13]; [0]scale=540:960,crop=133:238:137:772[part14]; [0]scale=540:960,crop=133:238:272:772[part15]; [0]scale=540:960,crop=133:238:407:772[part16]; [0]scale=540:960,crop=133:238:137:242[part6]; [0]scale=540:960,crop=133:238:272:242[part7]; [0]scale=540:960,crop=133:238:407:242[part8]; [0]scale=540:960,crop=133:238:407:2[part4]; [0]scale=540:960,crop=133:238:272:2[part3]; [0]scale=540:960,crop=133:238:137:2[part2]; [0]scale=540:960,crop=133:238:2:2[part1]; [2:v][part5]{pythono}=enable='between=(t,0, 8)':x='if(lte(n,80), min((n-12)*10\\,407), max(407-((n-80)*10), 2))':y='if(lte(n,55),2,min((n-55)*10, 242))'[v5]; [v5][part12]{pythono}=enable='between=(t,0, 8)':x='if(lte(n,80), max(407-(n-12)*10\\, 2), min((n-80)*10, 407))':y='if(lte(n,55),722,max(722-(n-55)*10, 482))'[v12]; [v12][part6]{pythono}=enable='between=(t,0, 8)':x='if(lte(n,106), min((n-38)*10\\,407), max(407-((n-106)*10), 137))':y='if(lte(n,81),2,min((n-81)*10, 242))'[v6]; [v6][part7]{pythono}=enable='between=(t,0, 8)':x='if(lte(n,132), min((n-64)*10\\,407), max(407-((n-132)*10), 272))':y='if(lte(n,107),2,min((n-107)*10, 242))'[v7]; [v7][part8]{pythono}=enable='between=(t,0, 8)':x='if(lte(n,158), min((n-90)*10\\,407), max(407-((n-158)*10), 407))':y='if(lte(n,133),2,min((n-133)*10, 242))'[v8]; [v8][part4]{pythono}=enable='between=(t,0, 8)':x='min((n-116)*10\\,407)':y=2[v4]; [v4][part3]{pythono}=enable='between=(t,0, 8)':x='min((n-142)*10\\,272)':y=2[v3]; [v3][part2]{pythono}=enable='between=(t,0, 8)':x='min((n-168)*10\\,137)':y=2[v2]; [v2][part1]{pythono}=enable='between=(t,0, 8)':x='min((n-194)*10\\,2)':y=2[v1]; [v1][part11]{pythono}=enable='between=(t,0, 8)':x='if(lte(n,106), max(407-(n-38)*10\\, 2), min((n-106)*10, 272))':y='if(lte(n,81),722,max(722-(n-81)*10, 482))'[v11]; [v11][part10]{pythono}=enable='between=(t,0, 8)':x='if(lte(n,132), max(407-(n-64)*10\\, 2), min((n-132)*10, 137))':y='if(lte(n,107),722,max(722-(n-107)*10, 482))'[v10]; [v10][part9]{pythono}=enable='between=(t,0, 8)':x='max(407-(n-90)*10\\, 2)':y='if(lte(n,133),722,max(722-(n-133)*10, 482))'[v9]; [v9][part13]{pythono}=enable='between=(t,0, 8)':x='max(407-(n-116)*10\\, 2)':y=722[v13]; [v13][part14]{pythono}=enable='between=(t,0, 8)':x='max(407-(n-142)*10\\, 137)':y=722[v14]; [v14][part15]{pythono}=enable='between=(t,0, 8)':x='max(407-(n-168)*10\\, 272)':y=722[v15]; [v15][part16]{pythono}=enable='between=(t,0, 8)':x='max(407-(n-194)*10\\, 407)':y=722[v16]; [0:v]{pythonz}pan=z='if(lte(on,105), if(lte(mod(on,80),40),{pythonz}+0.0075,{pythonz}-0.0075),{pythonz})':d=25*3:s=540x960[final_video_part2]; [v16][final_video_part2]concat=n=2:v=1:a=0,format=yuv420p[concated_video]; [concated_video][ovrly]{pythono}=0:0[base_video]; [base_video][3]{pythono}=enable='between(t,0,7)':x=30:y=30[watermarked_part1]; [watermarked_part1][3]{pythono}=enable='between(t,7,14)':x=(main_w-{pythono}_w-30):y=(main_h-{pythono}_h-30)"],
  "i":["[1]split=2[color][alpha]; [color]crop=iw/2:ih:0:0[color]; [alpha]crop=iw/2:ih:iw/2:0[alpha]; [color][alpha]{pythonmerge}[ovrly]; [0]scale=540:960,crop=133:238:2:242[part5]; [0]scale=540:960,crop=133:238:407:482[part12]; [0]scale=540:960,crop=133:238:272:482[part11]; [0]scale=540:960,crop=133:238:137:482[part10]; [0]scale=540:960,crop=133:238:2:482[part9]; [0]scale=540:960,crop=133:238:2:772[part13]; [0]scale=540:960,crop=133:238:137:772[part14]; [0]scale=540:960,crop=133:238:272:772[part15]; [0]scale=540:960,crop=133:238:407:772[part16]; [0]scale=540:960,crop=133:238:137:242[part6]; [0]scale=540:960,crop=133:238:272:242[part7]; [0]scale=540:960,crop=133:238:407:242[part8]; [0]scale=540:960,crop=133:238:407:2[part4]; [0]scale=540:960,crop=133:238:272:2[part3]; [0]scale=540:960,crop=133:238:137:2[part2]; [0]scale=540:960,crop=133:238:2:2[part1]; [2:v][part5]{pythono}=enable='between=(t,0, 8)':x='if(lte(n,80), min((n-12)*10\\,407), max(407-((n-80)*10), 2))':y='if(lte(n,55),2,min((n-55)*10, 242))'[v5]; [v5][part12]{pythono}=enable='between=(t,0, 8)':x='if(lte(n,80), max(407-(n-12)*10\\, 2), min((n-80)*10, 407))':y='if(lte(n,55),722,max(722-(n-55)*10, 482))'[v12]; [v12][part6]{pythono}=enable='between=(t,0, 8)':x='if(lte(n,106), min((n-38)*10\\,407), max(407-((n-106)*10), 137))':y='if(lte(n,81),2,min((n-81)*10, 242))'[v6]; [v6][part7]{pythono}=enable='between=(t,0, 8)':x='if(lte(n,132), min((n-64)*10\\,407), max(407-((n-132)*10), 272))':y='if(lte(n,107),2,min((n-107)*10, 242))'[v7]; [v7][part8]{pythono}=enable='between=(t,0, 8)':x='if(lte(n,158), min((n-90)*10\\,407), max(407-((n-158)*10), 407))':y='if(lte(n,133),2,min((n-133)*10, 242))'[v8]; [v8][part4]{pythono}=enable='between=(t,0, 8)':x='min((n-116)*10\\,407)':y=2[v4]; [v4][part3]{pythono}=enable='between=(t,0, 8)':x='min((n-142)*10\\,272)':y=2[v3]; [v3][part2]{pythono}=enable='between=(t,0, 8)':x='min((n-168)*10\\,137)':y=2[v2]; [v2][part1]{pythono}=enable='between=(t,0, 8)':x='min((n-194)*10\\,2)':y=2[v1]; [v1][part11]{pythono}=enable='between=(t,0, 8)':x='if(lte(n,106), max(407-(n-38)*10\\, 2), min((n-106)*10, 272))':y='if(lte(n,81),722,max(722-(n-81)*10, 482))'[v11]; [v11][part10]{pythono}=enable='between=(t,0, 8)':x='if(lte(n,132), max(407-(n-64)*10\\, 2), min((n-132)*10, 137))':y='if(lte(n,107),722,max(722-(n-107)*10, 482))'[v10]; [v10][part9]{pythono}=enable='between=(t,0, 8)':x='max(407-(n-90)*10\\, 2)':y='if(lte(n,133),722,max(722-(n-133)*10, 482))'[v9]; [v9][part13]{pythono}=enable='between=(t,0, 8)':x='max(407-(n-116)*10\\, 2)':y=722[v13]; [v13][part14]{pythono}=enable='between=(t,0, 8)':x='max(407-(n-142)*10\\, 137)':y=722[v14]; [v14][part15]{pythono}=enable='between=(t,0, 8)':x='max(407-(n-168)*10\\, 272)':y=722[v15]; [v15][part16]{pythono}=enable='between=(t,0, 8)':x='max(407-(n-194)*10\\, 407)':y=722[v16]; [0:v]{pythonz}pan=z='if(lte(on,105), if(lte(mod(on,80),40),{pythonz}+0.0075,{pythonz}-0.0075),{pythonz})':d=25*3:s=540x960[final_video_part2]; [v16][final_video_part2]concat=n=2:v=1:a=0,format=yuv420p[concated_video]; [concated_video][ovrly]{pythono}=0:0[base_video]; [base_video][3]{pythono}=enable='between(t,0,7)':x=30:y=30[watermarked_part1]; [watermarked_part1][3]{pythono}=enable='between(t,7,14)':x=(main_w-{pythono}_w-30):y=(main_h-{pythono}_h-30)[final_video]"],
  "n":[],
  "g":[],
  "c":[],
  "o":[
    "-map",
    "[final_video]",
    "-map",
    "4:a"
  ],
  "d":[
    "-t",
    "14"
  ],
  "s":[],
  "layers": [
    {
      "ao": 0,
      "bm": 1,
      "ddd": 0,
      "ind": 1,
      "ip": 0,
      "ks": {
        "a": {
          "a": 0,
          "ix": 1,
          "k": [
            270,
            480,
            0
          ]
        },
        "o": {
          "a": 0,
          "ix": 11,
          "k": 18.039
        },
        "p": {
          "a": 0,
          "ix": 2,
          "k": [
            270,
            480,
            0
          ]
        },
        "r": {
          "a": 0,
          "ix": 10,
          "k": 0
        },
        "s": {
          "a": 0,
          "ix": 6,
          "k": [
            100,
            100,
            100
          ]
        }
      },
      "nm": "all",
      "op": 327,
      "refId": "image_0",
      "sr": 1,
      "st": 0,
      "ty": 2
    },
    {
      "ao": 0,
      "bm": 3,
      "ddd": 0,
      "ind": 2,
      "ip": 76,
      "ks": {
        "a": {
          "a": 0,
          "ix": 1,
          "k": [
            270,
            480,
            0
          ]
        },
        "o": {
          "a": 0,
          "ix": 11,
          "k": 40
        },
        "p": {
          "a": 0,
          "ix": 2,
          "k": [
            270,
            480,
            0
          ]
        },
        "r": {
          "a": 0,
          "ix": 10,
          "k": 0
        },
        "s": {
          "a": 0,
          "ix": 6,
          "k": [
            100,
            100,
            100
          ]
        }
      },
      "nm": "lvjing  all 3",
      "op": 327,
      "refId": "image_1",
      "sr": 1,
      "st": -8,
      "ty": 2
    },
    {
      "ao": 0,
      "bm": 13,
      "ddd": 0,
      "ind": 3,
      "ip": 76,
      "ks": {
        "a": {
          "a": 0,
          "ix": 1,
          "k": [
            270,
            480,
            0
          ]
        },
        "o": {
          "a": 0,
          "ix": 11,
          "k": 50.196
        },
        "p": {
          "a": 0,
          "ix": 2,
          "k": [
            270,
            480,
            0
          ]
        },
        "r": {
          "a": 0,
          "ix": 10,
          "k": 0
        },
        "s": {
          "a": 0,
          "ix": 6,
          "k": [
            100,
            100,
            100
          ]
        }
      },
      "nm": "baohedu all 3",
      "op": 327,
      "refId": "image_2",
      "sr": 1,
      "st": -8,
      "ty": 2
    }
  ]
}