{
  "images":[
    {
      "name":"img_0.jpg",
      "w":171,
      "h":231,
      "prefix":[
        "-i"
      ],
      "postfix":[

      ]
    },
    {
      "name":"img_1.jpg",
      "w":171,
      "h":231,
      "prefix":[
        "-i"
      ],
      "postfix":[

      ]
    },
    {
      "name":"img_2.jpg",
      "w":171,
      "h":231,
      "prefix":[
        "-i"
      ],
      "postfix":[

      ]
    }
  ],
  "static_inputs":[
    {
      "name":"background_video.mp4",
      "prefix":[
        "-i"
      ],
      "postfix":[

      ]
    },
    {
      "name":"first.jpg",
      "prefix":[
        "-loop",
        "1",
        "-t",
        "30",
        "-i"
      ],
      "postfix":[

      ]
    }
  ],
  "video":{
    "h":720,
    "w":420,
    "duration":30
  },
  "e":[],
  "m":[
    "-{pythoncomplex}"
  ],
  "r":["[3]split=2[color][alpha];[color]crop=iw/2:ih:0:0[color];[alpha]crop=iw/2:ih:iw/2:0[alpha];[color][alpha]{pythonmerge}[ovrly];[0]scale=81:-1[0_scalled];[1]scale=81:-1[1_scalled];[2]scale=81:-1[2_scalled];[0]scale=171:231[1_scalled_2];[5]scale=70:70[5_scalled];[4:v][0_scalled]{pythono}=enable='between=(t,1,22.04)':x=413:y=17[new_bg1];[new_bg1][1_scalled]{pythono}=enable='between=(t,1,22.04)':x=413:y=149[new_bg2];[new_bg2][2_scalled]{pythono}=enable='between=(t,1,22.04)':x=413:y=289[new_bg3];[new_bg3][1_scalled_2]{pythono}=enable='between=(t,22.04,30)':x=297:y=118[new_bg4];[new_bg4][ovrly]{pythono}=0:0[base_video];[base_video][5_scalled]{pythono}=enable='between(t,0,30)':x=20:y=10"],
  "i":["[3]split=2[color][alpha];[color]crop=iw/2:ih:0:0[color];[alpha]crop=iw/2:ih:iw/2:0[alpha];[color][alpha]{pythonmerge}[ovrly];[0]scale=81:-1[0_scalled];[1]scale=81:-1[1_scalled];[2]scale=81:-1[2_scalled];[0]scale=171:231[1_scalled_2];[5]scale=70:70[5_scalled];[4:v][0_scalled]{pythono}=enable='between=(t,1,22.04)':x=413:y=17[new_bg1];[new_bg1][1_scalled]{pythono}=enable='between=(t,1,22.04)':x=413:y=149[new_bg2];[new_bg2][2_scalled]{pythono}=enable='between=(t,1,22.04)':x=413:y=289[new_bg3];[new_bg3][1_scalled_2]{pythono}=enable='between=(t,22.04,30)':x=297:y=118[new_bg4];[new_bg4][ovrly]{pythono}=0:0[base_video];[base_video][5_scalled]{pythono}=enable='between(t,0,30)':x=20:y=10[final_video]"],
  "n":[],
  "g":[],
  "c":[],
  "o":[
    "-map",
    "[final_video]",
    "-map",
    "6:a"
  ],
  "d":[
    "-t",
    "30"
  ],
  "s":[],
  "layers": [
    {
      "ao": 0,
      "bm": 1,
      "ddd": 0,
      "ind": 1,
      "ip": 0,
      "ks": {
        "a": {
          "a": 0,
          "ix": 1,
          "k": [
            270,
            480,
            0
          ]
        },
        "o": {
          "a": 0,
          "ix": 11,
          "k": 18.039
        },
        "p": {
          "a": 0,
          "ix": 2,
          "k": [
            270,
            480,
            0
          ]
        },
        "r": {
          "a": 0,
          "ix": 10,
          "k": 0
        },
        "s": {
          "a": 0,
          "ix": 6,
          "k": [
            100,
            100,
            100
          ]
        }
      },
      "nm": "all",
      "op": 327,
      "refId": "image_0",
      "sr": 1,
      "st": 0,
      "ty": 2
    },
    {
      "ao": 0,
      "bm": 3,
      "ddd": 0,
      "ind": 2,
      "ip": 76,
      "ks": {
        "a": {
          "a": 0,
          "ix": 1,
          "k": [
            270,
            480,
            0
          ]
        },
        "o": {
          "a": 0,
          "ix": 11,
          "k": 40
        },
        "p": {
          "a": 0,
          "ix": 2,
          "k": [
            270,
            480,
            0
          ]
        },
        "r": {
          "a": 0,
          "ix": 10,
          "k": 0
        },
        "s": {
          "a": 0,
          "ix": 6,
          "k": [
            100,
            100,
            100
          ]
        }
      },
      "nm": "lvjing  all 3",
      "op": 327,
      "refId": "image_1",
      "sr": 1,
      "st": -8,
      "ty": 2
    },
    {
      "ao": 0,
      "bm": 13,
      "ddd": 0,
      "ind": 3,
      "ip": 76,
      "ks": {
        "a": {
          "a": 0,
          "ix": 1,
          "k": [
            270,
            480,
            0
          ]
        },
        "o": {
          "a": 0,
          "ix": 11,
          "k": 50.196
        },
        "p": {
          "a": 0,
          "ix": 2,
          "k": [
            270,
            480,
            0
          ]
        },
        "r": {
          "a": 0,
          "ix": 10,
          "k": 0
        },
        "s": {
          "a": 0,
          "ix": 6,
          "k": [
            100,
            100,
            100
          ]
        }
      },
      "nm": "baohedu all 3",
      "op": 327,
      "refId": "image_2",
      "sr": 1,
      "st": -8,
      "ty": 2
    }
  ]
}