{
  "images": [
    {
      "name": "img_0.jpg",
      "w": 281,
      "h": 447,
      "prefix": [
        "-i"
      ],
      "postfix": [
      ]
    }
  ],
  "static_inputs": [
    {
      "name": "background_video.mp4",
      "prefix": [
        "-i"
      ],
      "postfix": [
      ]
    },
    {
      "name": "first.jpg",
      "prefix": [
        "-loop",
        "1",
        "-t",
        "11",
        "-i"
      ],
      "postfix": [
      ]
    },
    {
      "name": "black.jpg",
      "prefix": [
        "-i"
      ],
      "postfix": [
      ]
    }
  ],
  "video": {
    "w": 540,
    "h": 960,
    "duration": 11
  },
  "e": [],
  "m": [
    "-{pythoncomplex}"
  ],
  "r": [
    "[1]split=2[color][alpha];[color]crop=iw/2:ih:0:0[color];[alpha]crop=iw/2:ih:iw/2:0[alpha];[color][alpha]{pythonmerge}[ovrly];[0]scale=163:260,setsar=1[0_scalled];[0]scale=281:447,setsar=1[1_scalled];[3]scale=540:960,setsar=1[2_scalled];[2:v][0_scalled]{pythono}=x=49:y=421[base_img_1];[base_img_1]{pythonz}pan=z='if(lte({pythonz},-1.0),1.1,min({pythonz}+0.0004,1.1))':d=25*3:s=540x960[new_bg1];[new_bg1][2_scalled]{pythono}=enable='between=(t,2.60,4)':x=0:y=0[new_bg2];[new_bg2][1_scalled]{pythono}=enable='between=(t,4.32,11)':x=243:y=266[new_bg3];[new_bg3][ovrly]{pythono}=0:0,format=yuv420p[base_video];[base_video][4]{pythono}=enable='between(t,0,5)':x=30:y=30[watermarked_part1];[watermarked_part1][4]{pythono}=enable='between(t,5,11)':x=(main_w-{pythono}_w-30):y=(main_h-{pythono}_h-30)"
  ],
  "i": [
    "[1]split=2[color][alpha];[color]crop=iw/2:ih:0:0[color];[alpha]crop=iw/2:ih:iw/2:0[alpha];[color][alpha]{pythonmerge}[ovrly];[0]scale=163:260,setsar=1[0_scalled];[0]scale=281:447,setsar=1[1_scalled];[3]scale=540:960,setsar=1[2_scalled];[2:v][0_scalled]{pythono}=x=49:y=421[base_img_1];[base_img_1]{pythonz}pan=z='if(lte({pythonz},-1.0),1.1,min({pythonz}+0.0004,1.1))':d=25*3:s=540x960[new_bg1];[new_bg1][2_scalled]{pythono}=enable='between=(t,2.60,4)':x=0:y=0[new_bg2];[new_bg2][1_scalled]{pythono}=enable='between=(t,4.32,11)':x=243:y=266[new_bg3];[new_bg3][ovrly]{pythono}=0:0,format=yuv420p[base_video];[base_video][4]{pythono}=enable='between(t,0,5)':x=30:y=30[watermarked_part1];[watermarked_part1][4]{pythono}=enable='between(t,5,11)':x=(main_w-{pythono}_w-30):y=(main_h-{pythono}_h-30)[final_video]"
  ],
  "n": [],
  "g": [],
  "c": [],
  "o": [
    "-map",
    "[final_video]",
    "-map",
    "5:a"
  ],
  "d": [
    "-t",
    "11",
    "-strict",
    "-2"
  ],
  "s": [],
  "layers": [
    {
      "ao": 0,
      "bm": 1,
      "ddd": 0,
      "ind": 1,
      "ip": 0,
      "ks": {
        "a": {
          "a": 0,
          "ix": 1,
          "k": [
            270,
            480,
            0
          ]
        },
        "o": {
          "a": 0,
          "ix": 11,
          "k": 18.039
        },
        "p": {
          "a": 0,
          "ix": 2,
          "k": [
            270,
            480,
            0
          ]
        },
        "r": {
          "a": 0,
          "ix": 10,
          "k": 0
        },
        "s": {
          "a": 0,
          "ix": 6,
          "k": [
            100,
            100,
            100
          ]
        }
      },
      "nm": "all",
      "op": 327,
      "refId": "image_0",
      "sr": 1,
      "st": 0,
      "ty": 2
    },
    {
      "ao": 0,
      "bm": 3,
      "ddd": 0,
      "ind": 2,
      "ip": 76,
      "ks": {
        "a": {
          "a": 0,
          "ix": 1,
          "k": [
            270,
            480,
            0
          ]
        },
        "o": {
          "a": 0,
          "ix": 11,
          "k": 40
        },
        "p": {
          "a": 0,
          "ix": 2,
          "k": [
            270,
            480,
            0
          ]
        },
        "r": {
          "a": 0,
          "ix": 10,
          "k": 0
        },
        "s": {
          "a": 0,
          "ix": 6,
          "k": [
            100,
            100,
            100
          ]
        }
      },
      "nm": "lvjing  all 3",
      "op": 327,
      "refId": "image_1",
      "sr": 1,
      "st": -8,
      "ty": 2
    },
    {
      "ao": 0,
      "bm": 13,
      "ddd": 0,
      "ind": 3,
      "ip": 76,
      "ks": {
        "a": {
          "a": 0,
          "ix": 1,
          "k": [
            270,
            480,
            0
          ]
        },
        "o": {
          "a": 0,
          "ix": 11,
          "k": 50.196
        },
        "p": {
          "a": 0,
          "ix": 2,
          "k": [
            270,
            480,
            0
          ]
        },
        "r": {
          "a": 0,
          "ix": 10,
          "k": 0
        },
        "s": {
          "a": 0,
          "ix": 6,
          "k": [
            100,
            100,
            100
          ]
        }
      },
      "nm": "baohedu all 3",
      "op": 327,
      "refId": "image_2",
      "sr": 1,
      "st": -8,
      "ty": 2
    }
  ]
}