{
  "images": [
    {
      "name": "img_0.jpg",
      "w": 540,
      "h": 606,
      "prefix": [
        "-i"
      ],
      "postfix": [
      ]
    },
    {
      "name": "img_1.jpg",
      "w": 540,
      "h": 960,
      "prefix": [
        "-i"
      ],
      "postfix": [
      ]
    },
    {
      "name": "img_2.jpg",
      "w": 540,
      "h": 960,
      "prefix": [
        "-i"
      ],
      "postfix": [
      ]
    },
    {
      "name": "img_3.jpg",
      "w": 540,
      "h": 960,
      "prefix": [
        "-i"
      ],
      "postfix": [
      ]
    },
    {
      "name": "img_4.jpg",
      "w": 540,
      "h": 960,
      "prefix": [
        "-i"
      ],
      "postfix": [
      ]
    },
    {
      "name": "img_5.jpg",
      "w": 540,
      "h": 960,
      "prefix": [
        "-i"
      ],
      "postfix": [
      ]
    }
  ],
  "static_inputs": [
    {
      "name": "background_video.mp4",
      "prefix": [
        "-i"
      ],
      "postfix": [
      ]
    },
    {
      "name": "first.jpg",
      "prefix": [
        "-loop",
        "1",
        "-t",
        "19",
        "-i"
      ],
      "postfix": [
      ]
    }
  ],
  "video": {
    "h": 960,
    "w": 540,
    "duration": 19
  },
  "e": [],
  "m": [
    "-{pythoncomplex}"
  ],
  "r": [
    "[6]split=2[color][alpha];[color]crop=iw/2:ih:0:0[color];[alpha]crop=iw/2:ih:iw/2:0[alpha];[color][alpha]{pythonmerge}[ovrly];[0]scale=540:606,setsar=1,split=2[0_scalled_1][0_scalled_2];[1]scale=540:960,setsar=1,split=2[1_scalled_1][1_scalled_2];[2]scale=540:960,setsar=1[2_scalled];[3]scale=540:960,setsar=1[3_scalled];[4]scale=540:960,setsar=1,split=2[4_scalled_1][4_scalled_2];[5]scale=540:960,setsar=1[5_scalled];[7:v][0_scalled_1]{pythono}=enable='between=(t,0.4,4.235)':x=0:y=176[v1];[v1][1_scalled_1]{pythono}=enable='between=(t,4.235,8.273)'[v2];[v2][0_scalled_2]{pythono}=enable='between=(t,8.273,12.855)':x=0:y=528[v3];[v3][2_scalled]{pythono}=x=0:y='if(gte(n,25*12.491),min(-960+(n-25*12.491)*175,0),-960)'[v4];[v4][3_scalled]{pythono}=x='if(gte(n,13.016*25),min(-540+(n-13.016*25)*150,0),-540)':y=0[v5];[v5][4_scalled_1]{pythono}=x=0:y='if(gte(n,25*13.541),min(-960+(n-25*13.541)*175,0),-960)'[v6];[v6][1_scalled_2]{pythono}=x=0:y='if(gte(n,(25*14.018)),max(960-(n-(25*14.018))*175,0),960)'[v7];[v7][5_scalled]{pythono}=x='if(gte(n,14.431*25),max(540-(n-14.431*25)*150,0),540)':y=0[v8];[v8][4_scalled_2]{pythono}=x='if(gte(n,14.973*25),min(-540+(n-14.973*25)*150,0),-540)':y=0[v9];[v9][ovrly]{pythono}=0:0[base_video];[base_video][8]{pythono}=enable='between(t,0,9.5)':x=30:y=30[watermarked_part1];[watermarked_part1][8]{pythono}=enable='between(t,9.5,19)':x=(main_w-{pythono}_w-30):y=(main_h-{pythono}_h-30)"
  ],
  "i": [
    "[6]split=2[color][alpha];[color]crop=iw/2:ih:0:0[color];[alpha]crop=iw/2:ih:iw/2:0[alpha];[color][alpha]{pythonmerge}[ovrly];[0]scale=540:606,setsar=1,split=2[0_scalled_1][0_scalled_2];[1]scale=540:960,setsar=1,split=2[1_scalled_1][1_scalled_2];[2]scale=540:960,setsar=1[2_scalled];[3]scale=540:960,setsar=1[3_scalled];[4]scale=540:960,setsar=1,split=2[4_scalled_1][4_scalled_2];[5]scale=540:960,setsar=1[5_scalled];[7:v][0_scalled_1]{pythono}=enable='between=(t,0.4,4.235)':x=0:y=176[v1];[v1][1_scalled_1]{pythono}=enable='between=(t,4.235,8.273)'[v2];[v2][0_scalled_2]{pythono}=enable='between=(t,8.273,12.855)':x=0:y=528[v3];[v3][2_scalled]{pythono}=x=0:y='if(gte(n,25*12.491),min(-960+(n-25*12.491)*175,0),-960)'[v4];[v4][3_scalled]{pythono}=x='if(gte(n,13.016*25),min(-540+(n-13.016*25)*150,0),-540)':y=0[v5];[v5][4_scalled_1]{pythono}=x=0:y='if(gte(n,25*13.541),min(-960+(n-25*13.541)*175,0),-960)'[v6];[v6][1_scalled_2]{pythono}=x=0:y='if(gte(n,(25*14.018)),max(960-(n-(25*14.018))*175,0),960)'[v7];[v7][5_scalled]{pythono}=x='if(gte(n,14.431*25),max(540-(n-14.431*25)*150,0),540)':y=0[v8];[v8][4_scalled_2]{pythono}=x='if(gte(n,14.973*25),min(-540+(n-14.973*25)*150,0),-540)':y=0[v9];[v9][ovrly]{pythono}=0:0[base_video];[base_video][8]{pythono}=enable='between(t,0,9.5)':x=30:y=30[watermarked_part1];[watermarked_part1][8]{pythono}=enable='between(t,9.5,19)':x=(main_w-{pythono}_w-30):y=(main_h-{pythono}_h-30)[final_video]"
  ],
  "n": [],
  "g": [],
  "c": [],
  "o": [
    "-map",
    "[final_video]",
    "-map",
    "9:a"
  ],
  "d": [
    "-t",
    "19",
    "-strict",
    "-2"
  ],
  "s": [],
  "layers": [
    {
      "ao": 0,
      "bm": 1,
      "ddd": 0,
      "ind": 1,
      "ip": 0,
      "ks": {
        "a": {
          "a": 0,
          "ix": 1,
          "k": [
            270,
            480,
            0
          ]
        },
        "o": {
          "a": 0,
          "ix": 11,
          "k": 18.039
        },
        "p": {
          "a": 0,
          "ix": 2,
          "k": [
            270,
            480,
            0
          ]
        },
        "r": {
          "a": 0,
          "ix": 10,
          "k": 0
        },
        "s": {
          "a": 0,
          "ix": 6,
          "k": [
            100,
            100,
            100
          ]
        }
      },
      "nm": "all",
      "op": 327,
      "refId": "image_0",
      "sr": 1,
      "st": 0,
      "ty": 2
    },
    {
      "ao": 0,
      "bm": 3,
      "ddd": 0,
      "ind": 2,
      "ip": 76,
      "ks": {
        "a": {
          "a": 0,
          "ix": 1,
          "k": [
            270,
            480,
            0
          ]
        },
        "o": {
          "a": 0,
          "ix": 11,
          "k": 40
        },
        "p": {
          "a": 0,
          "ix": 2,
          "k": [
            270,
            480,
            0
          ]
        },
        "r": {
          "a": 0,
          "ix": 10,
          "k": 0
        },
        "s": {
          "a": 0,
          "ix": 6,
          "k": [
            100,
            100,
            100
          ]
        }
      },
      "nm": "lvjing  all 3",
      "op": 327,
      "refId": "image_1",
      "sr": 1,
      "st": -8,
      "ty": 2
    },
    {
      "ao": 0,
      "bm": 13,
      "ddd": 0,
      "ind": 3,
      "ip": 76,
      "ks": {
        "a": {
          "a": 0,
          "ix": 1,
          "k": [
            270,
            480,
            0
          ]
        },
        "o": {
          "a": 0,
          "ix": 11,
          "k": 50.196
        },
        "p": {
          "a": 0,
          "ix": 2,
          "k": [
            270,
            480,
            0
          ]
        },
        "r": {
          "a": 0,
          "ix": 10,
          "k": 0
        },
        "s": {
          "a": 0,
          "ix": 6,
          "k": [
            100,
            100,
            100
          ]
        }
      },
      "nm": "baohedu all 3",
      "op": 327,
      "refId": "image_2",
      "sr": 1,
      "st": -8,
      "ty": 2
    }
  ]
}