{
  "images": [
    {
      "name": "img_0.jpg",
      "w": 540,
      "h": 960,
      "prefix": [
        "-i"
      ],
      "postfix": [
      ]
    }
  ],
  "static_inputs": [
    {
      "name": "background_video.mp4",
      "prefix": [
        "-i"
      ],
      "postfix": [
      ]
    },
    {
      "name": "black.jpg",
      "prefix": [
        "-loop",
        "1",
        "-t",
        "0.5",
        "-i"
      ],
      "postfix": [
      ]
    }
  ],
  "video": {
    "w": 540,
    "h": 960,
    "duration": 13
  },
  "e": [],
  "m": [
    "-{pythoncomplex}"
  ],
  "r": [
    "[1]split=2[color][alpha];[color]crop=iw/2:ih:0:0[color];[alpha]crop=iw/2:ih:iw/2:0[alpha];[color][alpha]{pythonmerge}[ovrly];[0]scale=540:960[0_scalled];[0_scalled]{pythonz}pan=z='if(lte(on,25*6),1,if(lte(on,25*7),if(lte(mod(on,4),1),{pythonz}+0.0100,{pythonz}-0.0100),if(lte(on,25*8),1,if(lte(on,25*9),if(lte(mod(on,4),1),{pythonz}+0.0300,{pythonz}-0.0300),if(lte(on,25*9),1,if(lte(on,25*9.60),1,if(lte(on,25*10.60),if(lte(mod(on,4),1),{pythonz}+0.0300,{pythonz}-0.0300),if(lte(on,25*10.60),1))))))))':x='iw/2-(iw/{pythonz})/2':y='ih/2-(ih/{pythonz})/2':d=25*13:s=540x960[v0];[2:v][v0]concat=n=2:v=1:a=0,format=yuv420p[concatenated_video];[concatenated_video][ovrly]{pythono}=0:0[base_video];[base_video][3]{pythono}=enable='between(t,0,6)':x=30:y=30[watermarked_part1];[watermarked_part1][3]{pythono}=enable='between(t,6,13)':x=(main_w-{pythono}_w-30):y=(main_h-{pythono}_h-30)"
  ],
  "i": [
    "[1]split=2[color][alpha];[color]crop=iw/2:ih:0:0[color];[alpha]crop=iw/2:ih:iw/2:0[alpha];[color][alpha]{pythonmerge}[ovrly];[0]scale=540:960[0_scalled];[0_scalled]{pythonz}pan=z='if(lte(on,25*6),1,if(lte(on,25*7),if(lte(mod(on,4),1),{pythonz}+0.0100,{pythonz}-0.0100),if(lte(on,25*8),1,if(lte(on,25*9),if(lte(mod(on,4),1),{pythonz}+0.0300,{pythonz}-0.0300),if(lte(on,25*9),1,if(lte(on,25*9.60),1,if(lte(on,25*10.60),if(lte(mod(on,4),1),{pythonz}+0.0300,{pythonz}-0.0300),if(lte(on,25*10.60),1))))))))':x='iw/2-(iw/{pythonz})/2':y='ih/2-(ih/{pythonz})/2':d=25*13:s=540x960[v0];[2:v][v0]concat=n=2:v=1:a=0,format=yuv420p[concatenated_video];[concatenated_video][ovrly]{pythono}=0:0[base_video];[base_video][3]{pythono}=enable='between(t,0,6)':x=30:y=30[watermarked_part1];[watermarked_part1][3]{pythono}=enable='between(t,6,13)':x=(main_w-{pythono}_w-30):y=(main_h-{pythono}_h-30)[final_video]"
  ],
  "n": [],
  "g": [],
  "c": [],
  "o": [
    "-map",
    "[final_video]",
    "-map",
    "4:a"
  ],
  "d": [
    "-t",
    "13",
    "-strict",
    "-2"
  ],
  "s": [],
  "layers": [
    {
      "ao": 0,
      "bm": 1,
      "ddd": 0,
      "ind": 1,
      "ip": 0,
      "ks": {
        "a": {
          "a": 0,
          "ix": 1,
          "k": [
            270,
            480,
            0
          ]
        },
        "o": {
          "a": 0,
          "ix": 11,
          "k": 18.039
        },
        "p": {
          "a": 0,
          "ix": 2,
          "k": [
            270,
            480,
            0
          ]
        },
        "r": {
          "a": 0,
          "ix": 10,
          "k": 0
        },
        "s": {
          "a": 0,
          "ix": 6,
          "k": [
            100,
            100,
            100
          ]
        }
      },
      "nm": "all",
      "op": 327,
      "refId": "image_0",
      "sr": 1,
      "st": 0,
      "ty": 2
    },
    {
      "ao": 0,
      "bm": 3,
      "ddd": 0,
      "ind": 2,
      "ip": 76,
      "ks": {
        "a": {
          "a": 0,
          "ix": 1,
          "k": [
            270,
            480,
            0
          ]
        },
        "o": {
          "a": 0,
          "ix": 11,
          "k": 40
        },
        "p": {
          "a": 0,
          "ix": 2,
          "k": [
            270,
            480,
            0
          ]
        },
        "r": {
          "a": 0,
          "ix": 10,
          "k": 0
        },
        "s": {
          "a": 0,
          "ix": 6,
          "k": [
            100,
            100,
            100
          ]
        }
      },
      "nm": "lvjing  all 3",
      "op": 327,
      "refId": "image_1",
      "sr": 1,
      "st": -8,
      "ty": 2
    },
    {
      "ao": 0,
      "bm": 13,
      "ddd": 0,
      "ind": 3,
      "ip": 76,
      "ks": {
        "a": {
          "a": 0,
          "ix": 1,
          "k": [
            270,
            480,
            0
          ]
        },
        "o": {
          "a": 0,
          "ix": 11,
          "k": 50.196
        },
        "p": {
          "a": 0,
          "ix": 2,
          "k": [
            270,
            480,
            0
          ]
        },
        "r": {
          "a": 0,
          "ix": 10,
          "k": 0
        },
        "s": {
          "a": 0,
          "ix": 6,
          "k": [
            100,
            100,
            100
          ]
        }
      },
      "nm": "baohedu all 3",
      "op": 327,
      "refId": "image_2",
      "sr": 1,
      "st": -8,
      "ty": 2
    }
  ]
}